,proudct name,prices,description,reviews
0,"SAMSUNG Galaxy F14 5G (OMG Black, 128 GB)","₹12,490","6 GB RAM | 128 GB ROM | Expandable Upto 1 TB16.76 cm (6.6 inch) Full HD+ Display50MP + 2MP | 13MP Front Camera6000 mAh BatteryExynos 1330, Octa Core Processor1 Year Manufacturer Warranty for Device and 6 Months Manufacturer Warranty for In-Box Accessories",4.2
1,"SAMSUNG Galaxy F14 5G (GOAT Green, 128 GB)","₹11,490","4 GB RAM | 128 GB ROM | Expandable Upto 1 TB16.76 cm (6.6 inch) Full HD+ Display50MP + 2MP | 13MP Front Camera6000 mAh BatteryExynos 1330, Octa Core Processor1 Year Manufacturer Warranty for Device and 6 Months Manufacturer Warranty for In-Box Accessories",4.2
2,"APPLE iPhone 12 (Blue, 128 GB)","₹45,999","128 GB ROM15.49 cm (6.1 inch) Super Retina XDR Display12MP + 12MP | 12MP Front CameraA14 Bionic Chip with Next Generation Neural Engine ProcessorCeramic ShieldIndustry-leading IP68 Water ResistanceAll Screen OLED Display12MP TrueDepth Front Camera with Night Mode, 4K Dolby Vision HDR RecordingBrand Warranty for 1 Year",4.6
3,"APPLE iPhone 12 (White, 128 GB)","₹45,999","128 GB ROM15.49 cm (6.1 inch) Super Retina XDR Display12MP + 12MP | 12MP Front CameraA14 Bionic Chip with Next Generation Neural Engine ProcessorCeramic ShieldIndustry-leading IP68 Water ResistanceAll Screen OLED Display12MP TrueDepth Front Camera with Night Mode, 4K Dolby Vision HDR RecordingBrand Warranty for 1 Year",4.6
4,"APPLE iPhone 12 (Green, 128 GB)","₹45,999","128 GB ROM15.49 cm (6.1 inch) Super Retina XDR Display12MP + 12MP | 12MP Front CameraA14 Bionic Chip with Next Generation Neural Engine ProcessorCeramic ShieldIndustry-leading IP68 Water ResistanceAll Screen OLED Display12MP TrueDepth Front Camera with Night Mode, 4K Dolby Vision HDR RecordingBrand Warranty for 1 Year",4.6
5,"APPLE iPhone 12 (Black, 128 GB)","₹45,999","128 GB ROM15.49 cm (6.1 inch) Super Retina XDR Display12MP + 12MP | 12MP Front CameraA14 Bionic Chip with Next Generation Neural Engine ProcessorCeramic ShieldIndustry-leading IP68 Water ResistanceAll Screen OLED Display12MP TrueDepth Front Camera with Night Mode, 4K Dolby Vision HDR RecordingBrand Warranty for 1 Year",4.6
6,"OnePlus 11R 5G (Galactic Silver, 256 GB)","₹44,989",16 GB RAM | 256 GB ROM17.02 cm (6.7 inch) Display50MP Rear Camera | 16MP Front Camera5000 mAh BatteryDomestic warranty of 12 months on phone & 6 months on accessories,4.5
7,"SAMSUNG Galaxy F14 5G (GOAT Green, 128 GB)","₹12,490","6 GB RAM | 128 GB ROM | Expandable Upto 1 TB16.76 cm (6.6 inch) Full HD+ Display50MP + 2MP | 13MP Front Camera6000 mAh BatteryExynos 1330, Octa Core Processor1 Year Manufacturer Warranty for Device and 6 Months Manufacturer Warranty for In-Box Accessories",4.2
8,"OnePlus 11R 5G (Sonic Black, 256 GB)","₹44,344",16 GB RAM | 256 GB ROM17.02 cm (6.7 inch) Display50MP Rear Camera5000 mAh BatteryDomestic warranty of 12 months on phone & 6 months on accessries,4.5
9,"vivo V29 Pro 5G (Blue, 256 GB)","₹42,956",12 GB RAM | 256 GB ROM17.22 cm (6.78 inch) Full HD+ AMOLED Display50MP + 12MP + 8MP | 50MP Front Camera4600 mAh BatteryDimensity 8200 Processor1 Year Manufacturer Warranty for Phone and 6 Months Warranty for In the Box Accessories,4.5
10,"SAMSUNG Galaxy F14 5G (B.A.E. Purple, 128 GB)","₹11,490","4 GB RAM | 128 GB ROM | Expandable Upto 1 TB16.76 cm (6.6 inch) Full HD+ Display50MP + 2MP | 13MP Front Camera6000 mAh BatteryExynos 1330, Octa Core Processor1 Year Manufacturer Warranty for Device and 6 Months Manufacturer Warranty for In-Box Accessories",4.2
11,"SAMSUNG Galaxy F14 5G (B.A.E. Purple, 128 GB)","₹12,490","6 GB RAM | 128 GB ROM | Expandable Upto 1 TB16.76 cm (6.6 inch) Full HD+ Display50MP + 2MP | 13MP Front Camera6000 mAh BatteryExynos 1330, Octa Core Processor1 Year Manufacturer Warranty for Device and 6 Months Manufacturer Warranty for In-Box Accessories",4.2
12,"vivo V29 Pro 5G (Black, 256 GB)","₹42,999",12 GB RAM | 256 GB ROM17.22 cm (6.78 inch) Full HD+ AMOLED Display50MP + 12MP + 8MP | 50MP Front Camera4600 mAh BatteryDimensity 8200 Processor1 Year Manufacturer Warranty for Phone and 6 Months Warranty for In the Box Accessories,4.5
13,"Nothing Phone (2) (Dark Grey, 512 GB)","₹49,999",12 GB RAM | 512 GB ROM17.02 cm (6.7 inch) Full HD+ Display50 MP(OIS) +50MP | 32MP Front Camera4700 mAh Lithium ion BatteryQualcomm Snapdragon 8+ Gen 1 ProcessorLTPO AMOLED (1 Hz - 120 Hz)1 Year Manufacturing Warranty,4.4
14,"APPLE iPhone 12 (Red, 128 GB)","₹45,999","128 GB ROM15.49 cm (6.1 inch) Super Retina XDR Display12MP + 12MP | 12MP Front CameraA14 Bionic Chip with Next Generation Neural Engine ProcessorCeramic ShieldIndustry-leading IP68 Water ResistanceAll Screen OLED Display12MP TrueDepth Front Camera with Night Mode, 4K Dolby Vision HDR RecordingBrand Warranty for 1 Year",4.6
15,"SAMSUNG Galaxy Z Flip3 5G (Cream, 128 GB)","₹49,999",8 GB RAM | 128 GB ROM17.02 cm (6.7 inch) Full HD+ Display12MP + 12MP | 10MP Front Camera3300 mAh Lithium-ion BatteryQualcomm Snapdragon 888 Octa-Core Processor1 Year Manufacturer Warranty for Device and 6 months Manufacturer Warranty for In-Box Accessories,4.3
16,"SAMSUNG Galaxy F14 5G (OMG Black, 128 GB)","₹11,490","4 GB RAM | 128 GB ROM | Expandable Upto 1 TB16.76 cm (6.6 inch) Full HD+ Display50MP + 2MP | 13MP Front Camera6000 mAh BatteryExynos 1330, Octa Core Processor1 Year Manufacturer Warranty for Device and 6 Months Manufacturer Warranty for In-Box Accessories",4.2
17,"Nothing Phone (2) (White, 512 GB)","₹49,999",12 GB RAM | 512 GB ROM17.02 cm (6.7 inch) Full HD+ Display50 MP(OIS) +50MP | 32MP Front Camera4700 mAh Lithium ion BatteryQualcomm Snapdragon 8+ Gen 1 ProcessorLTPO AMOLED (1 Hz - 120 Hz)1 Year Manufacturing Warranty,4.4
18,"SAMSUNG Galaxy A54 5G (Awesome Lime, 256 GB)","₹40,999","8 GB RAM | 256 GB ROM | Expandable Upto 1 TB16.26 cm (6.4 inch) Full HD+ Display50MP + 12MP + 5MP | 32MP Front Camera5000 mAh BatteryExynos 1380, Octa Core Processor1 Year Manufacturer Warranty for Device and 6 Months Manufacturer Warranty for In-Box Accessories",4.2
19,"vivo V27 Pro 5G (Magic Blue, 256 GB)","₹42,999",12 GB RAM | 256 GB ROM17.22 cm (6.78 inch) Full HD+ Display50MP (OIS) + 8MP + 2MP | 50MP Front Camera4600 mAh BatteryMediatek Dimensity 8200 Processor1 Year Manufacturer Warranty for Phone and 6 Months Warranty for In the Box Accessories,4.4
20,"SAMSUNG Galaxy S20 FE 5G (Cloud Navy, 128 GB)","₹28,039",8 GB RAM | 128 GB ROM16.51 cm (6.5 inch) Display12MP Rear Camera | 32MP Front Camera4500 mAh Battery1 Year Warranty,4.2
21,"vivo X80 (Cosmic Black, 256 GB)","₹46,990",12 GB RAM | 256 GB ROM17.22 cm (6.78 inch) Full HD+ Display50MP + 12MP + 12MP | 32MP Front Camera4500 mAh Lithium BatteryMediatek Dimensity 9000 Processor1 Year on Handset and 6 Months on Accessories,4.5
22,"Xiaomi 12 Pro 5G (Opera Mauve, 256 GB)","₹49,999",12 GB RAM | 256 GB ROM17.09 cm (6.73 inch) Full HD+ Display50MP + 50MP + 50MP | 32MP Front Camera4600 mAh Lithium Polymer BatterySnapdragon 8 Gen 1 Processor1 Year Manufacturer Warranty for Phone and 6 Months Warranty for In the Box Accessories,4.2
23,"Xiaomi 12 Pro 5G (Noir Black, 256 GB)","₹49,999",12 GB RAM | 256 GB ROM17.09 cm (6.73 inch) Full HD+ Display50MP + 50MP + 50MP | 32MP Front Camera4600 mAh Lithium Polymer BatterySnapdragon 8 Gen 1 Processor1 Year Manufacturer Warranty for Phone and 6 Months Warranty for In the Box Accessories,4.2
24,"SAMSUNG Galaxy F14 5G (OMG Black, 128 GB)","₹12,490","6 GB RAM | 128 GB ROM | Expandable Upto 1 TB16.76 cm (6.6 inch) Full HD+ Display50MP + 2MP | 13MP Front Camera6000 mAh BatteryExynos 1330, Octa Core Processor1 Year Manufacturer Warranty for Device and 6 Months Manufacturer Warranty for In-Box Accessories",4.2
25,"SAMSUNG Galaxy F14 5G (GOAT Green, 128 GB)","₹11,490","4 GB RAM | 128 GB ROM | Expandable Upto 1 TB16.76 cm (6.6 inch) Full HD+ Display50MP + 2MP | 13MP Front Camera6000 mAh BatteryExynos 1330, Octa Core Processor1 Year Manufacturer Warranty for Device and 6 Months Manufacturer Warranty for In-Box Accessories",4.2
26,"APPLE iPhone 12 (Blue, 128 GB)","₹45,999","128 GB ROM15.49 cm (6.1 inch) Super Retina XDR Display12MP + 12MP | 12MP Front CameraA14 Bionic Chip with Next Generation Neural Engine ProcessorCeramic ShieldIndustry-leading IP68 Water ResistanceAll Screen OLED Display12MP TrueDepth Front Camera with Night Mode, 4K Dolby Vision HDR RecordingBrand Warranty for 1 Year",4.6
27,"APPLE iPhone 12 (White, 128 GB)","₹45,999","128 GB ROM15.49 cm (6.1 inch) Super Retina XDR Display12MP + 12MP | 12MP Front CameraA14 Bionic Chip with Next Generation Neural Engine ProcessorCeramic ShieldIndustry-leading IP68 Water ResistanceAll Screen OLED Display12MP TrueDepth Front Camera with Night Mode, 4K Dolby Vision HDR RecordingBrand Warranty for 1 Year",4.6
28,"APPLE iPhone 12 (Green, 128 GB)","₹45,999","128 GB ROM15.49 cm (6.1 inch) Super Retina XDR Display12MP + 12MP | 12MP Front CameraA14 Bionic Chip with Next Generation Neural Engine ProcessorCeramic ShieldIndustry-leading IP68 Water ResistanceAll Screen OLED Display12MP TrueDepth Front Camera with Night Mode, 4K Dolby Vision HDR RecordingBrand Warranty for 1 Year",4.6
29,"APPLE iPhone 12 (Black, 128 GB)","₹45,999","128 GB ROM15.49 cm (6.1 inch) Super Retina XDR Display12MP + 12MP | 12MP Front CameraA14 Bionic Chip with Next Generation Neural Engine ProcessorCeramic ShieldIndustry-leading IP68 Water ResistanceAll Screen OLED Display12MP TrueDepth Front Camera with Night Mode, 4K Dolby Vision HDR RecordingBrand Warranty for 1 Year",4.6
30,"OnePlus 11R 5G (Galactic Silver, 256 GB)","₹44,989",16 GB RAM | 256 GB ROM17.02 cm (6.7 inch) Display50MP Rear Camera | 16MP Front Camera5000 mAh BatteryDomestic warranty of 12 months on phone & 6 months on accessories,4.5
31,"SAMSUNG Galaxy F14 5G (GOAT Green, 128 GB)","₹12,490","6 GB RAM | 128 GB ROM | Expandable Upto 1 TB16.76 cm (6.6 inch) Full HD+ Display50MP + 2MP | 13MP Front Camera6000 mAh BatteryExynos 1330, Octa Core Processor1 Year Manufacturer Warranty for Device and 6 Months Manufacturer Warranty for In-Box Accessories",4.2
32,"OnePlus 11R 5G (Sonic Black, 256 GB)","₹44,344",16 GB RAM | 256 GB ROM17.02 cm (6.7 inch) Display50MP Rear Camera5000 mAh BatteryDomestic warranty of 12 months on phone & 6 months on accessries,4.5
33,"vivo V29 Pro 5G (Blue, 256 GB)","₹42,956",12 GB RAM | 256 GB ROM17.22 cm (6.78 inch) Full HD+ AMOLED Display50MP + 12MP + 8MP | 50MP Front Camera4600 mAh BatteryDimensity 8200 Processor1 Year Manufacturer Warranty for Phone and 6 Months Warranty for In the Box Accessories,4.5
34,"SAMSUNG Galaxy F14 5G (B.A.E. Purple, 128 GB)","₹11,490","4 GB RAM | 128 GB ROM | Expandable Upto 1 TB16.76 cm (6.6 inch) Full HD+ Display50MP + 2MP | 13MP Front Camera6000 mAh BatteryExynos 1330, Octa Core Processor1 Year Manufacturer Warranty for Device and 6 Months Manufacturer Warranty for In-Box Accessories",4.2
35,"SAMSUNG Galaxy F14 5G (B.A.E. Purple, 128 GB)","₹12,490","6 GB RAM | 128 GB ROM | Expandable Upto 1 TB16.76 cm (6.6 inch) Full HD+ Display50MP + 2MP | 13MP Front Camera6000 mAh BatteryExynos 1330, Octa Core Processor1 Year Manufacturer Warranty for Device and 6 Months Manufacturer Warranty for In-Box Accessories",4.2
36,"vivo V29 Pro 5G (Black, 256 GB)","₹42,999",12 GB RAM | 256 GB ROM17.22 cm (6.78 inch) Full HD+ AMOLED Display50MP + 12MP + 8MP | 50MP Front Camera4600 mAh BatteryDimensity 8200 Processor1 Year Manufacturer Warranty for Phone and 6 Months Warranty for In the Box Accessories,4.5
37,"Nothing Phone (2) (Dark Grey, 512 GB)","₹49,999",12 GB RAM | 512 GB ROM17.02 cm (6.7 inch) Full HD+ Display50 MP(OIS) +50MP | 32MP Front Camera4700 mAh Lithium ion BatteryQualcomm Snapdragon 8+ Gen 1 ProcessorLTPO AMOLED (1 Hz - 120 Hz)1 Year Manufacturing Warranty,4.4
38,"APPLE iPhone 12 (Red, 128 GB)","₹45,999","128 GB ROM15.49 cm (6.1 inch) Super Retina XDR Display12MP + 12MP | 12MP Front CameraA14 Bionic Chip with Next Generation Neural Engine ProcessorCeramic ShieldIndustry-leading IP68 Water ResistanceAll Screen OLED Display12MP TrueDepth Front Camera with Night Mode, 4K Dolby Vision HDR RecordingBrand Warranty for 1 Year",4.6
39,"SAMSUNG Galaxy Z Flip3 5G (Cream, 128 GB)","₹49,999",8 GB RAM | 128 GB ROM17.02 cm (6.7 inch) Full HD+ Display12MP + 12MP | 10MP Front Camera3300 mAh Lithium-ion BatteryQualcomm Snapdragon 888 Octa-Core Processor1 Year Manufacturer Warranty for Device and 6 months Manufacturer Warranty for In-Box Accessories,4.3
40,"SAMSUNG Galaxy F14 5G (OMG Black, 128 GB)","₹11,490","4 GB RAM | 128 GB ROM | Expandable Upto 1 TB16.76 cm (6.6 inch) Full HD+ Display50MP + 2MP | 13MP Front Camera6000 mAh BatteryExynos 1330, Octa Core Processor1 Year Manufacturer Warranty for Device and 6 Months Manufacturer Warranty for In-Box Accessories",4.2
41,"Nothing Phone (2) (White, 512 GB)","₹49,999",12 GB RAM | 512 GB ROM17.02 cm (6.7 inch) Full HD+ Display50 MP(OIS) +50MP | 32MP Front Camera4700 mAh Lithium ion BatteryQualcomm Snapdragon 8+ Gen 1 ProcessorLTPO AMOLED (1 Hz - 120 Hz)1 Year Manufacturing Warranty,4.4
42,"SAMSUNG Galaxy A54 5G (Awesome Lime, 256 GB)","₹40,999","8 GB RAM | 256 GB ROM | Expandable Upto 1 TB16.26 cm (6.4 inch) Full HD+ Display50MP + 12MP + 5MP | 32MP Front Camera5000 mAh BatteryExynos 1380, Octa Core Processor1 Year Manufacturer Warranty for Device and 6 Months Manufacturer Warranty for In-Box Accessories",4.2
43,"vivo V27 Pro 5G (Magic Blue, 256 GB)","₹42,999",12 GB RAM | 256 GB ROM17.22 cm (6.78 inch) Full HD+ Display50MP (OIS) + 8MP + 2MP | 50MP Front Camera4600 mAh BatteryMediatek Dimensity 8200 Processor1 Year Manufacturer Warranty for Phone and 6 Months Warranty for In the Box Accessories,4.4
44,"SAMSUNG Galaxy S20 FE 5G (Cloud Navy, 128 GB)","₹28,039",8 GB RAM | 128 GB ROM16.51 cm (6.5 inch) Display12MP Rear Camera | 32MP Front Camera4500 mAh Battery1 Year Warranty,4.2
45,"vivo X80 (Cosmic Black, 256 GB)","₹46,990",12 GB RAM | 256 GB ROM17.22 cm (6.78 inch) Full HD+ Display50MP + 12MP + 12MP | 32MP Front Camera4500 mAh Lithium BatteryMediatek Dimensity 9000 Processor1 Year on Handset and 6 Months on Accessories,4.5
46,"Xiaomi 12 Pro 5G (Opera Mauve, 256 GB)","₹49,999",12 GB RAM | 256 GB ROM17.09 cm (6.73 inch) Full HD+ Display50MP + 50MP + 50MP | 32MP Front Camera4600 mAh Lithium Polymer BatterySnapdragon 8 Gen 1 Processor1 Year Manufacturer Warranty for Phone and 6 Months Warranty for In the Box Accessories,4.2
47,"Xiaomi 12 Pro 5G (Noir Black, 256 GB)","₹49,999",12 GB RAM | 256 GB ROM17.09 cm (6.73 inch) Full HD+ Display50MP + 50MP + 50MP | 32MP Front Camera4600 mAh Lithium Polymer BatterySnapdragon 8 Gen 1 Processor1 Year Manufacturer Warranty for Phone and 6 Months Warranty for In the Box Accessories,4.2
48,"SAMSUNG Galaxy F14 5G (OMG Black, 128 GB)","₹12,490","6 GB RAM | 128 GB ROM | Expandable Upto 1 TB16.76 cm (6.6 inch) Full HD+ Display50MP + 2MP | 13MP Front Camera6000 mAh BatteryExynos 1330, Octa Core Processor1 Year Manufacturer Warranty for Device and 6 Months Manufacturer Warranty for In-Box Accessories",4.2
49,"SAMSUNG Galaxy F14 5G (GOAT Green, 128 GB)","₹11,490","4 GB RAM | 128 GB ROM | Expandable Upto 1 TB16.76 cm (6.6 inch) Full HD+ Display50MP + 2MP | 13MP Front Camera6000 mAh BatteryExynos 1330, Octa Core Processor1 Year Manufacturer Warranty for Device and 6 Months Manufacturer Warranty for In-Box Accessories",4.2
50,"APPLE iPhone 12 (Blue, 128 GB)","₹45,999","128 GB ROM15.49 cm (6.1 inch) Super Retina XDR Display12MP + 12MP | 12MP Front CameraA14 Bionic Chip with Next Generation Neural Engine ProcessorCeramic ShieldIndustry-leading IP68 Water ResistanceAll Screen OLED Display12MP TrueDepth Front Camera with Night Mode, 4K Dolby Vision HDR RecordingBrand Warranty for 1 Year",4.6
51,"vivo V29 Pro 5G (Black, 256 GB)","₹42,999",12 GB RAM | 256 GB ROM17.22 cm (6.78 inch) Full HD+ AMOLED Display50MP + 12MP + 8MP | 50MP Front Camera4600 mAh BatteryDimensity 8200 Processor1 Year Manufacturer Warranty for Phone and 6 Months Warranty for In the Box Accessories,4.5
52,"APPLE iPhone 12 (White, 128 GB)","₹45,999","128 GB ROM15.49 cm (6.1 inch) Super Retina XDR Display12MP + 12MP | 12MP Front CameraA14 Bionic Chip with Next Generation Neural Engine ProcessorCeramic ShieldIndustry-leading IP68 Water ResistanceAll Screen OLED Display12MP TrueDepth Front Camera with Night Mode, 4K Dolby Vision HDR RecordingBrand Warranty for 1 Year",4.6
53,"APPLE iPhone 12 (Green, 128 GB)","₹45,999","128 GB ROM15.49 cm (6.1 inch) Super Retina XDR Display12MP + 12MP | 12MP Front CameraA14 Bionic Chip with Next Generation Neural Engine ProcessorCeramic ShieldIndustry-leading IP68 Water ResistanceAll Screen OLED Display12MP TrueDepth Front Camera with Night Mode, 4K Dolby Vision HDR RecordingBrand Warranty for 1 Year",4.6
54,"APPLE iPhone 12 (Black, 128 GB)","₹45,999","128 GB ROM15.49 cm (6.1 inch) Super Retina XDR Display12MP + 12MP | 12MP Front CameraA14 Bionic Chip with Next Generation Neural Engine ProcessorCeramic ShieldIndustry-leading IP68 Water ResistanceAll Screen OLED Display12MP TrueDepth Front Camera with Night Mode, 4K Dolby Vision HDR RecordingBrand Warranty for 1 Year",4.6
55,"SAMSUNG Galaxy F14 5G (GOAT Green, 128 GB)","₹12,490","6 GB RAM | 128 GB ROM | Expandable Upto 1 TB16.76 cm (6.6 inch) Full HD+ Display50MP + 2MP | 13MP Front Camera6000 mAh BatteryExynos 1330, Octa Core Processor1 Year Manufacturer Warranty for Device and 6 Months Manufacturer Warranty for In-Box Accessories",4.2
56,"OnePlus 11R 5G (Galactic Silver, 256 GB)","₹44,989",16 GB RAM | 256 GB ROM17.02 cm (6.7 inch) Display50MP Rear Camera | 16MP Front Camera5000 mAh BatteryDomestic warranty of 12 months on phone & 6 months on accessories,4.5
57,"OnePlus 11R 5G (Sonic Black, 256 GB)","₹44,344",16 GB RAM | 256 GB ROM17.02 cm (6.7 inch) Display50MP Rear Camera5000 mAh BatteryDomestic warranty of 12 months on phone & 6 months on accessries,4.5
58,"SAMSUNG Galaxy F14 5G (B.A.E. Purple, 128 GB)","₹11,490","4 GB RAM | 128 GB ROM | Expandable Upto 1 TB16.76 cm (6.6 inch) Full HD+ Display50MP + 2MP | 13MP Front Camera6000 mAh BatteryExynos 1330, Octa Core Processor1 Year Manufacturer Warranty for Device and 6 Months Manufacturer Warranty for In-Box Accessories",4.2
59,"SAMSUNG Galaxy F14 5G (B.A.E. Purple, 128 GB)","₹12,490","6 GB RAM | 128 GB ROM | Expandable Upto 1 TB16.76 cm (6.6 inch) Full HD+ Display50MP + 2MP | 13MP Front Camera6000 mAh BatteryExynos 1330, Octa Core Processor1 Year Manufacturer Warranty for Device and 6 Months Manufacturer Warranty for In-Box Accessories",4.2
60,"Nothing Phone (2) (White, 512 GB)","₹49,999",12 GB RAM | 512 GB ROM17.02 cm (6.7 inch) Full HD+ Display50 MP(OIS) +50MP | 32MP Front Camera4700 mAh Lithium ion BatteryQualcomm Snapdragon 8+ Gen 1 ProcessorLTPO AMOLED (1 Hz - 120 Hz)1 Year Manufacturing Warranty,4.4
61,"Nothing Phone (2) (Dark Grey, 512 GB)","₹49,999",12 GB RAM | 512 GB ROM17.02 cm (6.7 inch) Full HD+ Display50 MP(OIS) +50MP | 32MP Front Camera4700 mAh Lithium ion BatteryQualcomm Snapdragon 8+ Gen 1 ProcessorLTPO AMOLED (1 Hz - 120 Hz)1 Year Manufacturing Warranty,4.4
62,"APPLE iPhone 12 (Red, 128 GB)","₹45,999","128 GB ROM15.49 cm (6.1 inch) Super Retina XDR Display12MP + 12MP | 12MP Front CameraA14 Bionic Chip with Next Generation Neural Engine ProcessorCeramic ShieldIndustry-leading IP68 Water ResistanceAll Screen OLED Display12MP TrueDepth Front Camera with Night Mode, 4K Dolby Vision HDR RecordingBrand Warranty for 1 Year",4.6
63,"SAMSUNG Galaxy Z Flip3 5G (Cream, 128 GB)","₹49,999",8 GB RAM | 128 GB ROM17.02 cm (6.7 inch) Full HD+ Display12MP + 12MP | 10MP Front Camera3300 mAh Lithium-ion BatteryQualcomm Snapdragon 888 Octa-Core Processor1 Year Manufacturer Warranty for Device and 6 months Manufacturer Warranty for In-Box Accessories,4.3
64,"SAMSUNG Galaxy F14 5G (OMG Black, 128 GB)","₹11,490","4 GB RAM | 128 GB ROM | Expandable Upto 1 TB16.76 cm (6.6 inch) Full HD+ Display50MP + 2MP | 13MP Front Camera6000 mAh BatteryExynos 1330, Octa Core Processor1 Year Manufacturer Warranty for Device and 6 Months Manufacturer Warranty for In-Box Accessories",4.2
65,"vivo V29 Pro 5G (Blue, 256 GB)","₹42,956",12 GB RAM | 256 GB ROM17.22 cm (6.78 inch) Full HD+ AMOLED Display50MP + 12MP + 8MP | 50MP Front Camera4600 mAh BatteryDimensity 8200 Processor1 Year Manufacturer Warranty for Phone and 6 Months Warranty for In the Box Accessories,4.5
66,"vivo V27 Pro 5G (Magic Blue, 256 GB)","₹42,999",12 GB RAM | 256 GB ROM17.22 cm (6.78 inch) Full HD+ Display50MP (OIS) + 8MP + 2MP | 50MP Front Camera4600 mAh BatteryMediatek Dimensity 8200 Processor1 Year Manufacturer Warranty for Phone and 6 Months Warranty for In the Box Accessories,4.4
67,"vivo X80 (Cosmic Black, 256 GB)","₹46,990",12 GB RAM | 256 GB ROM17.22 cm (6.78 inch) Full HD+ Display50MP + 12MP + 12MP | 32MP Front Camera4500 mAh Lithium BatteryMediatek Dimensity 9000 Processor1 Year on Handset and 6 Months on Accessories,4.5
68,"Xiaomi 12 Pro 5G (Opera Mauve, 256 GB)","₹49,999",12 GB RAM | 256 GB ROM17.09 cm (6.73 inch) Full HD+ Display50MP + 50MP + 50MP | 32MP Front Camera4600 mAh Lithium Polymer BatterySnapdragon 8 Gen 1 Processor1 Year Manufacturer Warranty for Phone and 6 Months Warranty for In the Box Accessories,4.2
69,"Xiaomi 12 Pro 5G (Noir Black, 256 GB)","₹49,999",12 GB RAM | 256 GB ROM17.09 cm (6.73 inch) Full HD+ Display50MP + 50MP + 50MP | 32MP Front Camera4600 mAh Lithium Polymer BatterySnapdragon 8 Gen 1 Processor1 Year Manufacturer Warranty for Phone and 6 Months Warranty for In the Box Accessories,4.2
70,"SAMSUNG Galaxy Z Flip3 5G (Phantom Black, 128 GB)","₹49,999",8 GB RAM | 128 GB ROM17.02 cm (6.7 inch) Full HD+ Display12MP + 12MP | 10MP Front Camera3300 mAh Lithium-ion BatteryQualcomm Snapdragon 888 Octa-Core Processor1 Year Manufacturer Warranty for Device and 6 months Manufacturer Warranty for In-Box Accessories,4.3
71,"OnePlus 10 Pro 5G (Emerald Forest, 128 GB)","₹51,998",8 GB RAM | 128 GB ROM17.02 cm (6.7 inch) Display48MP Rear Camera5000 mAh Battery1 year manufacturer warranty for device and 6 months manufacturer warranty for in-box accessories including batteries from the date of purchase,4.2
72,"SAMSUNG Galaxy F14 5G (OMG Black, 128 GB)","₹12,490","6 GB RAM | 128 GB ROM | Expandable Upto 1 TB16.76 cm (6.6 inch) Full HD+ Display50MP + 2MP | 13MP Front Camera6000 mAh BatteryExynos 1330, Octa Core Processor1 Year Manufacturer Warranty for Device and 6 Months Manufacturer Warranty for In-Box Accessories",4.2
73,"SAMSUNG Galaxy F14 5G (GOAT Green, 128 GB)","₹11,490","4 GB RAM | 128 GB ROM | Expandable Upto 1 TB16.76 cm (6.6 inch) Full HD+ Display50MP + 2MP | 13MP Front Camera6000 mAh BatteryExynos 1330, Octa Core Processor1 Year Manufacturer Warranty for Device and 6 Months Manufacturer Warranty for In-Box Accessories",4.2
74,"APPLE iPhone 12 (Blue, 128 GB)","₹45,999","128 GB ROM15.49 cm (6.1 inch) Super Retina XDR Display12MP + 12MP | 12MP Front CameraA14 Bionic Chip with Next Generation Neural Engine ProcessorCeramic ShieldIndustry-leading IP68 Water ResistanceAll Screen OLED Display12MP TrueDepth Front Camera with Night Mode, 4K Dolby Vision HDR RecordingBrand Warranty for 1 Year",4.6
75,"vivo V29 Pro 5G (Black, 256 GB)","₹42,999",12 GB RAM | 256 GB ROM17.22 cm (6.78 inch) Full HD+ AMOLED Display50MP + 12MP + 8MP | 50MP Front Camera4600 mAh BatteryDimensity 8200 Processor1 Year Manufacturer Warranty for Phone and 6 Months Warranty for In the Box Accessories,4.5
76,"APPLE iPhone 12 (White, 128 GB)","₹45,999","128 GB ROM15.49 cm (6.1 inch) Super Retina XDR Display12MP + 12MP | 12MP Front CameraA14 Bionic Chip with Next Generation Neural Engine ProcessorCeramic ShieldIndustry-leading IP68 Water ResistanceAll Screen OLED Display12MP TrueDepth Front Camera with Night Mode, 4K Dolby Vision HDR RecordingBrand Warranty for 1 Year",4.6
77,"APPLE iPhone 12 (Green, 128 GB)","₹45,999","128 GB ROM15.49 cm (6.1 inch) Super Retina XDR Display12MP + 12MP | 12MP Front CameraA14 Bionic Chip with Next Generation Neural Engine ProcessorCeramic ShieldIndustry-leading IP68 Water ResistanceAll Screen OLED Display12MP TrueDepth Front Camera with Night Mode, 4K Dolby Vision HDR RecordingBrand Warranty for 1 Year",4.6
78,"APPLE iPhone 12 (Black, 128 GB)","₹45,999","128 GB ROM15.49 cm (6.1 inch) Super Retina XDR Display12MP + 12MP | 12MP Front CameraA14 Bionic Chip with Next Generation Neural Engine ProcessorCeramic ShieldIndustry-leading IP68 Water ResistanceAll Screen OLED Display12MP TrueDepth Front Camera with Night Mode, 4K Dolby Vision HDR RecordingBrand Warranty for 1 Year",4.6
79,"SAMSUNG Galaxy F14 5G (GOAT Green, 128 GB)","₹12,490","6 GB RAM | 128 GB ROM | Expandable Upto 1 TB16.76 cm (6.6 inch) Full HD+ Display50MP + 2MP | 13MP Front Camera6000 mAh BatteryExynos 1330, Octa Core Processor1 Year Manufacturer Warranty for Device and 6 Months Manufacturer Warranty for In-Box Accessories",4.2
80,"OnePlus 11R 5G (Galactic Silver, 256 GB)","₹44,989",16 GB RAM | 256 GB ROM17.02 cm (6.7 inch) Display50MP Rear Camera | 16MP Front Camera5000 mAh BatteryDomestic warranty of 12 months on phone & 6 months on accessories,4.5
81,"OnePlus 11R 5G (Sonic Black, 256 GB)","₹44,344",16 GB RAM | 256 GB ROM17.02 cm (6.7 inch) Display50MP Rear Camera5000 mAh BatteryDomestic warranty of 12 months on phone & 6 months on accessries,4.5
82,"SAMSUNG Galaxy F14 5G (B.A.E. Purple, 128 GB)","₹11,490","4 GB RAM | 128 GB ROM | Expandable Upto 1 TB16.76 cm (6.6 inch) Full HD+ Display50MP + 2MP | 13MP Front Camera6000 mAh BatteryExynos 1330, Octa Core Processor1 Year Manufacturer Warranty for Device and 6 Months Manufacturer Warranty for In-Box Accessories",4.2
83,"SAMSUNG Galaxy F14 5G (B.A.E. Purple, 128 GB)","₹12,490","6 GB RAM | 128 GB ROM | Expandable Upto 1 TB16.76 cm (6.6 inch) Full HD+ Display50MP + 2MP | 13MP Front Camera6000 mAh BatteryExynos 1330, Octa Core Processor1 Year Manufacturer Warranty for Device and 6 Months Manufacturer Warranty for In-Box Accessories",4.2
84,"Nothing Phone (2) (White, 512 GB)","₹49,999",12 GB RAM | 512 GB ROM17.02 cm (6.7 inch) Full HD+ Display50 MP(OIS) +50MP | 32MP Front Camera4700 mAh Lithium ion BatteryQualcomm Snapdragon 8+ Gen 1 ProcessorLTPO AMOLED (1 Hz - 120 Hz)1 Year Manufacturing Warranty,4.4
85,"Nothing Phone (2) (Dark Grey, 512 GB)","₹49,999",12 GB RAM | 512 GB ROM17.02 cm (6.7 inch) Full HD+ Display50 MP(OIS) +50MP | 32MP Front Camera4700 mAh Lithium ion BatteryQualcomm Snapdragon 8+ Gen 1 ProcessorLTPO AMOLED (1 Hz - 120 Hz)1 Year Manufacturing Warranty,4.4
86,"APPLE iPhone 12 (Red, 128 GB)","₹45,999","128 GB ROM15.49 cm (6.1 inch) Super Retina XDR Display12MP + 12MP | 12MP Front CameraA14 Bionic Chip with Next Generation Neural Engine ProcessorCeramic ShieldIndustry-leading IP68 Water ResistanceAll Screen OLED Display12MP TrueDepth Front Camera with Night Mode, 4K Dolby Vision HDR RecordingBrand Warranty for 1 Year",4.6
87,"SAMSUNG Galaxy Z Flip3 5G (Cream, 128 GB)","₹49,999",8 GB RAM | 128 GB ROM17.02 cm (6.7 inch) Full HD+ Display12MP + 12MP | 10MP Front Camera3300 mAh Lithium-ion BatteryQualcomm Snapdragon 888 Octa-Core Processor1 Year Manufacturer Warranty for Device and 6 months Manufacturer Warranty for In-Box Accessories,4.3
88,"SAMSUNG Galaxy F14 5G (OMG Black, 128 GB)","₹11,490","4 GB RAM | 128 GB ROM | Expandable Upto 1 TB16.76 cm (6.6 inch) Full HD+ Display50MP + 2MP | 13MP Front Camera6000 mAh BatteryExynos 1330, Octa Core Processor1 Year Manufacturer Warranty for Device and 6 Months Manufacturer Warranty for In-Box Accessories",4.2
89,"vivo V29 Pro 5G (Blue, 256 GB)","₹42,956",12 GB RAM | 256 GB ROM17.22 cm (6.78 inch) Full HD+ AMOLED Display50MP + 12MP + 8MP | 50MP Front Camera4600 mAh BatteryDimensity 8200 Processor1 Year Manufacturer Warranty for Phone and 6 Months Warranty for In the Box Accessories,4.5
90,"vivo V27 Pro 5G (Magic Blue, 256 GB)","₹42,999",12 GB RAM | 256 GB ROM17.22 cm (6.78 inch) Full HD+ Display50MP (OIS) + 8MP + 2MP | 50MP Front Camera4600 mAh BatteryMediatek Dimensity 8200 Processor1 Year Manufacturer Warranty for Phone and 6 Months Warranty for In the Box Accessories,4.4
91,"vivo X80 (Cosmic Black, 256 GB)","₹46,990",12 GB RAM | 256 GB ROM17.22 cm (6.78 inch) Full HD+ Display50MP + 12MP + 12MP | 32MP Front Camera4500 mAh Lithium BatteryMediatek Dimensity 9000 Processor1 Year on Handset and 6 Months on Accessories,4.5
92,"Xiaomi 12 Pro 5G (Opera Mauve, 256 GB)","₹49,999",12 GB RAM | 256 GB ROM17.09 cm (6.73 inch) Full HD+ Display50MP + 50MP + 50MP | 32MP Front Camera4600 mAh Lithium Polymer BatterySnapdragon 8 Gen 1 Processor1 Year Manufacturer Warranty for Phone and 6 Months Warranty for In the Box Accessories,4.2
93,"Xiaomi 12 Pro 5G (Noir Black, 256 GB)","₹49,999",12 GB RAM | 256 GB ROM17.09 cm (6.73 inch) Full HD+ Display50MP + 50MP + 50MP | 32MP Front Camera4600 mAh Lithium Polymer BatterySnapdragon 8 Gen 1 Processor1 Year Manufacturer Warranty for Phone and 6 Months Warranty for In the Box Accessories,4.2
94,"SAMSUNG Galaxy Z Flip3 5G (Phantom Black, 128 GB)","₹49,999",8 GB RAM | 128 GB ROM17.02 cm (6.7 inch) Full HD+ Display12MP + 12MP | 10MP Front Camera3300 mAh Lithium-ion BatteryQualcomm Snapdragon 888 Octa-Core Processor1 Year Manufacturer Warranty for Device and 6 months Manufacturer Warranty for In-Box Accessories,4.3
95,"OnePlus 10 Pro 5G (Emerald Forest, 128 GB)","₹51,998",8 GB RAM | 128 GB ROM17.02 cm (6.7 inch) Display48MP Rear Camera5000 mAh Battery1 year manufacturer warranty for device and 6 months manufacturer warranty for in-box accessories including batteries from the date of purchase,4.2
96,"APPLE iPhone 12 (Blue, 128 GB)","₹45,999","128 GB ROM15.49 cm (6.1 inch) Super Retina XDR Display12MP + 12MP | 12MP Front CameraA14 Bionic Chip with Next Generation Neural Engine ProcessorCeramic ShieldIndustry-leading IP68 Water ResistanceAll Screen OLED Display12MP TrueDepth Front Camera with Night Mode, 4K Dolby Vision HDR RecordingBrand Warranty for 1 Year",4.6
97,"vivo V29 Pro 5G (Black, 256 GB)","₹42,999",12 GB RAM | 256 GB ROM17.22 cm (6.78 inch) Full HD+ AMOLED Display50MP + 12MP + 8MP | 50MP Front Camera4600 mAh BatteryDimensity 8200 Processor1 Year Manufacturer Warranty for Phone and 6 Months Warranty for In the Box Accessories,4.5
98,"APPLE iPhone 12 (White, 128 GB)","₹45,999","128 GB ROM15.49 cm (6.1 inch) Super Retina XDR Display12MP + 12MP | 12MP Front CameraA14 Bionic Chip with Next Generation Neural Engine ProcessorCeramic ShieldIndustry-leading IP68 Water ResistanceAll Screen OLED Display12MP TrueDepth Front Camera with Night Mode, 4K Dolby Vision HDR RecordingBrand Warranty for 1 Year",4.6
99,"APPLE iPhone 12 (Green, 128 GB)","₹45,999","128 GB ROM15.49 cm (6.1 inch) Super Retina XDR Display12MP + 12MP | 12MP Front CameraA14 Bionic Chip with Next Generation Neural Engine ProcessorCeramic ShieldIndustry-leading IP68 Water ResistanceAll Screen OLED Display12MP TrueDepth Front Camera with Night Mode, 4K Dolby Vision HDR RecordingBrand Warranty for 1 Year",4.6
100,"APPLE iPhone 12 (Black, 128 GB)","₹45,999","128 GB ROM15.49 cm (6.1 inch) Super Retina XDR Display12MP + 12MP | 12MP Front CameraA14 Bionic Chip with Next Generation Neural Engine ProcessorCeramic ShieldIndustry-leading IP68 Water ResistanceAll Screen OLED Display12MP TrueDepth Front Camera with Night Mode, 4K Dolby Vision HDR RecordingBrand Warranty for 1 Year",4.6
101,"OnePlus 11R 5G (Galactic Silver, 256 GB)","₹44,989",16 GB RAM | 256 GB ROM17.02 cm (6.7 inch) Display50MP Rear Camera | 16MP Front Camera5000 mAh BatteryDomestic warranty of 12 months on phone & 6 months on accessories,4.5
102,"OnePlus 11R 5G (Sonic Black, 256 GB)","₹44,344",16 GB RAM | 256 GB ROM17.02 cm (6.7 inch) Display50MP Rear Camera5000 mAh BatteryDomestic warranty of 12 months on phone & 6 months on accessries,4.5
103,"Nothing Phone (2) (White, 512 GB)","₹49,999",12 GB RAM | 512 GB ROM17.02 cm (6.7 inch) Full HD+ Display50 MP(OIS) +50MP | 32MP Front Camera4700 mAh Lithium ion BatteryQualcomm Snapdragon 8+ Gen 1 ProcessorLTPO AMOLED (1 Hz - 120 Hz)1 Year Manufacturing Warranty,4.4
104,"Nothing Phone (2) (Dark Grey, 512 GB)","₹49,999",12 GB RAM | 512 GB ROM17.02 cm (6.7 inch) Full HD+ Display50 MP(OIS) +50MP | 32MP Front Camera4700 mAh Lithium ion BatteryQualcomm Snapdragon 8+ Gen 1 ProcessorLTPO AMOLED (1 Hz - 120 Hz)1 Year Manufacturing Warranty,4.4
105,"APPLE iPhone 12 (Red, 128 GB)","₹45,999","128 GB ROM15.49 cm (6.1 inch) Super Retina XDR Display12MP + 12MP | 12MP Front CameraA14 Bionic Chip with Next Generation Neural Engine ProcessorCeramic ShieldIndustry-leading IP68 Water ResistanceAll Screen OLED Display12MP TrueDepth Front Camera with Night Mode, 4K Dolby Vision HDR RecordingBrand Warranty for 1 Year",4.6
106,"SAMSUNG Galaxy Z Flip3 5G (Cream, 128 GB)","₹49,999",8 GB RAM | 128 GB ROM17.02 cm (6.7 inch) Full HD+ Display12MP + 12MP | 10MP Front Camera3300 mAh Lithium-ion BatteryQualcomm Snapdragon 888 Octa-Core Processor1 Year Manufacturer Warranty for Device and 6 months Manufacturer Warranty for In-Box Accessories,4.3
107,"vivo V29 Pro 5G (Blue, 256 GB)","₹42,956",12 GB RAM | 256 GB ROM17.22 cm (6.78 inch) Full HD+ AMOLED Display50MP + 12MP + 8MP | 50MP Front Camera4600 mAh BatteryDimensity 8200 Processor1 Year Manufacturer Warranty for Phone and 6 Months Warranty for In the Box Accessories,4.5
108,"vivo V27 Pro 5G (Magic Blue, 256 GB)","₹42,999",12 GB RAM | 256 GB ROM17.22 cm (6.78 inch) Full HD+ Display50MP (OIS) + 8MP + 2MP | 50MP Front Camera4600 mAh BatteryMediatek Dimensity 8200 Processor1 Year Manufacturer Warranty for Phone and 6 Months Warranty for In the Box Accessories,4.4
109,"vivo X80 (Cosmic Black, 256 GB)","₹46,990",12 GB RAM | 256 GB ROM17.22 cm (6.78 inch) Full HD+ Display50MP + 12MP + 12MP | 32MP Front Camera4500 mAh Lithium BatteryMediatek Dimensity 9000 Processor1 Year on Handset and 6 Months on Accessories,4.5
110,"Xiaomi 12 Pro 5G (Opera Mauve, 256 GB)","₹49,999",12 GB RAM | 256 GB ROM17.09 cm (6.73 inch) Full HD+ Display50MP + 50MP + 50MP | 32MP Front Camera4600 mAh Lithium Polymer BatterySnapdragon 8 Gen 1 Processor1 Year Manufacturer Warranty for Phone and 6 Months Warranty for In the Box Accessories,4.2
111,"Xiaomi 12 Pro 5G (Noir Black, 256 GB)","₹49,999",12 GB RAM | 256 GB ROM17.09 cm (6.73 inch) Full HD+ Display50MP + 50MP + 50MP | 32MP Front Camera4600 mAh Lithium Polymer BatterySnapdragon 8 Gen 1 Processor1 Year Manufacturer Warranty for Phone and 6 Months Warranty for In the Box Accessories,4.2
112,"SAMSUNG Galaxy Z Flip3 5G (Phantom Black, 128 GB)","₹49,999",8 GB RAM | 128 GB ROM17.02 cm (6.7 inch) Full HD+ Display12MP + 12MP | 10MP Front Camera3300 mAh Lithium-ion BatteryQualcomm Snapdragon 888 Octa-Core Processor1 Year Manufacturer Warranty for Device and 6 months Manufacturer Warranty for In-Box Accessories,4.3
113,"OnePlus 10 Pro 5G (Emerald Forest, 128 GB)","₹51,998",8 GB RAM | 128 GB ROM17.02 cm (6.7 inch) Display48MP Rear Camera5000 mAh Battery1 year manufacturer warranty for device and 6 months manufacturer warranty for in-box accessories including batteries from the date of purchase,4.2
114,"Xiaomi 12 Pro 5G (Couture Blue, 256 GB)","₹49,999",12 GB RAM | 256 GB ROM17.09 cm (6.73 inch) Full HD+ Display50MP + 50MP + 50MP | 32MP Front Camera4600 mAh Lithium Polymer BatterySnapdragon 8 Gen 1 Processor1 Year Manufacturer Warranty for Phone and 6 Months Warranty for In the Box Accessories,4.2
115,"vivo X70 Pro (Cosmic Black, 256 GB)","₹48,990",12 GB RAM | 256 GB ROM16.66 cm (6.56 inch) Full HD+ Display50MP + 12MP + 12MP + 8MP | 32MP Front Camera4450 mAh BatteryMediaTek Dimensity 1200 Processor1 Year for Handset and 6 Months for In-box Accessories,4.4
116,"vivo X70 Pro (Aurora Dawn, 256 GB)","₹45,999",8 GB RAM | 256 GB ROM16.66 cm (6.56 inch) Full HD+ Display50MP + 12MP + 12MP + 8MP | 32MP Front Camera4450 mAh BatteryMediaTek Dimensity 1200 Processor1 Year for Handset and 6 Months for In-box Accessories,4.5
117,"OPPO Reno8 Pro 5G (Glazed Green, 256 GB)","₹45,999",12 GB RAM | 256 GB ROM17.02 cm (6.7 inch) Full HD+ AMOLED Display50MP + 8MP + 2MP | 32MP Front Camera4500 mAh Lithium-ion Polymer BatteryMediatek Dimensity 8100 Max Processor1 Year Warranty for Phone and 6 Months Warranty for In-Box Accessories,4.4
118,"OnePlus 10T 5G (Moonstone Black, 256 GB)","₹48,998",12 GB RAM | 256 GB ROM17.02 cm (6.7 inch) Display50MP Rear Camera4800 mAh Battery1 year on phone & 6 months on accessories,4.1
119,"OnePlus 10T 5G (Jade Green, 256 GB)","₹48,990",12 GB RAM | 256 GB ROM17.02 cm (6.7 inch) Display50MP Rear Camera4800 mAh Battery1 year manufacturer warranty for device and 6 months manufacturer warranty for in-box accessories including batteries from the date of purchase,4.1
120,"SAMSUNG Galaxy F14 5G (OMG Black, 128 GB)","₹12,490","6 GB RAM | 128 GB ROM | Expandable Upto 1 TB16.76 cm (6.6 inch) Full HD+ Display50MP + 2MP | 13MP Front Camera6000 mAh BatteryExynos 1330, Octa Core Processor1 Year Manufacturer Warranty for Device and 6 Months Manufacturer Warranty for In-Box Accessories",4.2
121,"SAMSUNG Galaxy F14 5G (GOAT Green, 128 GB)","₹11,490","4 GB RAM | 128 GB ROM | Expandable Upto 1 TB16.76 cm (6.6 inch) Full HD+ Display50MP + 2MP | 13MP Front Camera6000 mAh BatteryExynos 1330, Octa Core Processor1 Year Manufacturer Warranty for Device and 6 Months Manufacturer Warranty for In-Box Accessories",4.2
122,"APPLE iPhone 12 (Blue, 128 GB)","₹45,999","128 GB ROM15.49 cm (6.1 inch) Super Retina XDR Display12MP + 12MP | 12MP Front CameraA14 Bionic Chip with Next Generation Neural Engine ProcessorCeramic ShieldIndustry-leading IP68 Water ResistanceAll Screen OLED Display12MP TrueDepth Front Camera with Night Mode, 4K Dolby Vision HDR RecordingBrand Warranty for 1 Year",4.6
123,"vivo V29 Pro 5G (Black, 256 GB)","₹42,999",12 GB RAM | 256 GB ROM17.22 cm (6.78 inch) Full HD+ AMOLED Display50MP + 12MP + 8MP | 50MP Front Camera4600 mAh BatteryDimensity 8200 Processor1 Year Manufacturer Warranty for Phone and 6 Months Warranty for In the Box Accessories,4.5
124,"APPLE iPhone 12 (White, 128 GB)","₹45,999","128 GB ROM15.49 cm (6.1 inch) Super Retina XDR Display12MP + 12MP | 12MP Front CameraA14 Bionic Chip with Next Generation Neural Engine ProcessorCeramic ShieldIndustry-leading IP68 Water ResistanceAll Screen OLED Display12MP TrueDepth Front Camera with Night Mode, 4K Dolby Vision HDR RecordingBrand Warranty for 1 Year",4.6
125,"APPLE iPhone 12 (Green, 128 GB)","₹45,999","128 GB ROM15.49 cm (6.1 inch) Super Retina XDR Display12MP + 12MP | 12MP Front CameraA14 Bionic Chip with Next Generation Neural Engine ProcessorCeramic ShieldIndustry-leading IP68 Water ResistanceAll Screen OLED Display12MP TrueDepth Front Camera with Night Mode, 4K Dolby Vision HDR RecordingBrand Warranty for 1 Year",4.6
126,"APPLE iPhone 12 (Black, 128 GB)","₹45,999","128 GB ROM15.49 cm (6.1 inch) Super Retina XDR Display12MP + 12MP | 12MP Front CameraA14 Bionic Chip with Next Generation Neural Engine ProcessorCeramic ShieldIndustry-leading IP68 Water ResistanceAll Screen OLED Display12MP TrueDepth Front Camera with Night Mode, 4K Dolby Vision HDR RecordingBrand Warranty for 1 Year",4.6
127,"SAMSUNG Galaxy F14 5G (GOAT Green, 128 GB)","₹12,490","6 GB RAM | 128 GB ROM | Expandable Upto 1 TB16.76 cm (6.6 inch) Full HD+ Display50MP + 2MP | 13MP Front Camera6000 mAh BatteryExynos 1330, Octa Core Processor1 Year Manufacturer Warranty for Device and 6 Months Manufacturer Warranty for In-Box Accessories",4.2
128,"OnePlus 11R 5G (Galactic Silver, 256 GB)","₹44,989",16 GB RAM | 256 GB ROM17.02 cm (6.7 inch) Display50MP Rear Camera | 16MP Front Camera5000 mAh BatteryDomestic warranty of 12 months on phone & 6 months on accessories,4.5
129,"OnePlus 11R 5G (Sonic Black, 256 GB)","₹44,344",16 GB RAM | 256 GB ROM17.02 cm (6.7 inch) Display50MP Rear Camera5000 mAh BatteryDomestic warranty of 12 months on phone & 6 months on accessries,4.5
130,"SAMSUNG Galaxy F14 5G (B.A.E. Purple, 128 GB)","₹11,490","4 GB RAM | 128 GB ROM | Expandable Upto 1 TB16.76 cm (6.6 inch) Full HD+ Display50MP + 2MP | 13MP Front Camera6000 mAh BatteryExynos 1330, Octa Core Processor1 Year Manufacturer Warranty for Device and 6 Months Manufacturer Warranty for In-Box Accessories",4.2
131,"SAMSUNG Galaxy F14 5G (B.A.E. Purple, 128 GB)","₹12,490","6 GB RAM | 128 GB ROM | Expandable Upto 1 TB16.76 cm (6.6 inch) Full HD+ Display50MP + 2MP | 13MP Front Camera6000 mAh BatteryExynos 1330, Octa Core Processor1 Year Manufacturer Warranty for Device and 6 Months Manufacturer Warranty for In-Box Accessories",4.2
132,"Nothing Phone (2) (White, 512 GB)","₹49,999",12 GB RAM | 512 GB ROM17.02 cm (6.7 inch) Full HD+ Display50 MP(OIS) +50MP | 32MP Front Camera4700 mAh Lithium ion BatteryQualcomm Snapdragon 8+ Gen 1 ProcessorLTPO AMOLED (1 Hz - 120 Hz)1 Year Manufacturing Warranty,4.4
133,"Nothing Phone (2) (Dark Grey, 512 GB)","₹49,999",12 GB RAM | 512 GB ROM17.02 cm (6.7 inch) Full HD+ Display50 MP(OIS) +50MP | 32MP Front Camera4700 mAh Lithium ion BatteryQualcomm Snapdragon 8+ Gen 1 ProcessorLTPO AMOLED (1 Hz - 120 Hz)1 Year Manufacturing Warranty,4.4
134,"APPLE iPhone 12 (Red, 128 GB)","₹45,999","128 GB ROM15.49 cm (6.1 inch) Super Retina XDR Display12MP + 12MP | 12MP Front CameraA14 Bionic Chip with Next Generation Neural Engine ProcessorCeramic ShieldIndustry-leading IP68 Water ResistanceAll Screen OLED Display12MP TrueDepth Front Camera with Night Mode, 4K Dolby Vision HDR RecordingBrand Warranty for 1 Year",4.6
135,"SAMSUNG Galaxy Z Flip3 5G (Cream, 128 GB)","₹49,999",8 GB RAM | 128 GB ROM17.02 cm (6.7 inch) Full HD+ Display12MP + 12MP | 10MP Front Camera3300 mAh Lithium-ion BatteryQualcomm Snapdragon 888 Octa-Core Processor1 Year Manufacturer Warranty for Device and 6 months Manufacturer Warranty for In-Box Accessories,4.3
136,"SAMSUNG Galaxy F14 5G (OMG Black, 128 GB)","₹11,490","4 GB RAM | 128 GB ROM | Expandable Upto 1 TB16.76 cm (6.6 inch) Full HD+ Display50MP + 2MP | 13MP Front Camera6000 mAh BatteryExynos 1330, Octa Core Processor1 Year Manufacturer Warranty for Device and 6 Months Manufacturer Warranty for In-Box Accessories",4.2
137,"vivo V29 Pro 5G (Blue, 256 GB)","₹42,956",12 GB RAM | 256 GB ROM17.22 cm (6.78 inch) Full HD+ AMOLED Display50MP + 12MP + 8MP | 50MP Front Camera4600 mAh BatteryDimensity 8200 Processor1 Year Manufacturer Warranty for Phone and 6 Months Warranty for In the Box Accessories,4.5
138,"vivo V27 Pro 5G (Magic Blue, 256 GB)","₹42,999",12 GB RAM | 256 GB ROM17.22 cm (6.78 inch) Full HD+ Display50MP (OIS) + 8MP + 2MP | 50MP Front Camera4600 mAh BatteryMediatek Dimensity 8200 Processor1 Year Manufacturer Warranty for Phone and 6 Months Warranty for In the Box Accessories,4.4
139,"vivo X80 (Cosmic Black, 256 GB)","₹46,990",12 GB RAM | 256 GB ROM17.22 cm (6.78 inch) Full HD+ Display50MP + 12MP + 12MP | 32MP Front Camera4500 mAh Lithium BatteryMediatek Dimensity 9000 Processor1 Year on Handset and 6 Months on Accessories,4.5
140,"Xiaomi 12 Pro 5G (Opera Mauve, 256 GB)","₹49,999",12 GB RAM | 256 GB ROM17.09 cm (6.73 inch) Full HD+ Display50MP + 50MP + 50MP | 32MP Front Camera4600 mAh Lithium Polymer BatterySnapdragon 8 Gen 1 Processor1 Year Manufacturer Warranty for Phone and 6 Months Warranty for In the Box Accessories,4.2
141,"Xiaomi 12 Pro 5G (Noir Black, 256 GB)","₹49,999",12 GB RAM | 256 GB ROM17.09 cm (6.73 inch) Full HD+ Display50MP + 50MP + 50MP | 32MP Front Camera4600 mAh Lithium Polymer BatterySnapdragon 8 Gen 1 Processor1 Year Manufacturer Warranty for Phone and 6 Months Warranty for In the Box Accessories,4.2
142,"SAMSUNG Galaxy Z Flip3 5G (Phantom Black, 128 GB)","₹49,999",8 GB RAM | 128 GB ROM17.02 cm (6.7 inch) Full HD+ Display12MP + 12MP | 10MP Front Camera3300 mAh Lithium-ion BatteryQualcomm Snapdragon 888 Octa-Core Processor1 Year Manufacturer Warranty for Device and 6 months Manufacturer Warranty for In-Box Accessories,4.3
143,"OnePlus 10 Pro 5G (Emerald Forest, 128 GB)","₹51,998",8 GB RAM | 128 GB ROM17.02 cm (6.7 inch) Display48MP Rear Camera5000 mAh Battery1 year manufacturer warranty for device and 6 months manufacturer warranty for in-box accessories including batteries from the date of purchase,4.2
144,"SAMSUNG Galaxy F14 5G (OMG Black, 128 GB)","₹12,490","6 GB RAM | 128 GB ROM | Expandable Upto 1 TB16.76 cm (6.6 inch) Full HD+ Display50MP + 2MP | 13MP Front Camera6000 mAh BatteryExynos 1330, Octa Core Processor1 Year Manufacturer Warranty for Device and 6 Months Manufacturer Warranty for In-Box Accessories",4.2
145,"SAMSUNG Galaxy F14 5G (GOAT Green, 128 GB)","₹11,490","4 GB RAM | 128 GB ROM | Expandable Upto 1 TB16.76 cm (6.6 inch) Full HD+ Display50MP + 2MP | 13MP Front Camera6000 mAh BatteryExynos 1330, Octa Core Processor1 Year Manufacturer Warranty for Device and 6 Months Manufacturer Warranty for In-Box Accessories",4.2
146,"APPLE iPhone 12 (Blue, 128 GB)","₹45,999","128 GB ROM15.49 cm (6.1 inch) Super Retina XDR Display12MP + 12MP | 12MP Front CameraA14 Bionic Chip with Next Generation Neural Engine ProcessorCeramic ShieldIndustry-leading IP68 Water ResistanceAll Screen OLED Display12MP TrueDepth Front Camera with Night Mode, 4K Dolby Vision HDR RecordingBrand Warranty for 1 Year",4.6
147,"APPLE iPhone 12 (White, 128 GB)","₹45,999","128 GB ROM15.49 cm (6.1 inch) Super Retina XDR Display12MP + 12MP | 12MP Front CameraA14 Bionic Chip with Next Generation Neural Engine ProcessorCeramic ShieldIndustry-leading IP68 Water ResistanceAll Screen OLED Display12MP TrueDepth Front Camera with Night Mode, 4K Dolby Vision HDR RecordingBrand Warranty for 1 Year",4.6
148,"APPLE iPhone 12 (Green, 128 GB)","₹45,999","128 GB ROM15.49 cm (6.1 inch) Super Retina XDR Display12MP + 12MP | 12MP Front CameraA14 Bionic Chip with Next Generation Neural Engine ProcessorCeramic ShieldIndustry-leading IP68 Water ResistanceAll Screen OLED Display12MP TrueDepth Front Camera with Night Mode, 4K Dolby Vision HDR RecordingBrand Warranty for 1 Year",4.6
149,"APPLE iPhone 12 (Black, 128 GB)","₹45,999","128 GB ROM15.49 cm (6.1 inch) Super Retina XDR Display12MP + 12MP | 12MP Front CameraA14 Bionic Chip with Next Generation Neural Engine ProcessorCeramic ShieldIndustry-leading IP68 Water ResistanceAll Screen OLED Display12MP TrueDepth Front Camera with Night Mode, 4K Dolby Vision HDR RecordingBrand Warranty for 1 Year",4.6
150,"OnePlus 11R 5G (Galactic Silver, 256 GB)","₹44,989",16 GB RAM | 256 GB ROM17.02 cm (6.7 inch) Display50MP Rear Camera | 16MP Front Camera5000 mAh BatteryDomestic warranty of 12 months on phone & 6 months on accessories,4.5
151,"SAMSUNG Galaxy F14 5G (GOAT Green, 128 GB)","₹12,490","6 GB RAM | 128 GB ROM | Expandable Upto 1 TB16.76 cm (6.6 inch) Full HD+ Display50MP + 2MP | 13MP Front Camera6000 mAh BatteryExynos 1330, Octa Core Processor1 Year Manufacturer Warranty for Device and 6 Months Manufacturer Warranty for In-Box Accessories",4.2
152,"OnePlus 11R 5G (Sonic Black, 256 GB)","₹44,344",16 GB RAM | 256 GB ROM17.02 cm (6.7 inch) Display50MP Rear Camera5000 mAh BatteryDomestic warranty of 12 months on phone & 6 months on accessries,4.5
153,"vivo V29 Pro 5G (Blue, 256 GB)","₹42,956",12 GB RAM | 256 GB ROM17.22 cm (6.78 inch) Full HD+ AMOLED Display50MP + 12MP + 8MP | 50MP Front Camera4600 mAh BatteryDimensity 8200 Processor1 Year Manufacturer Warranty for Phone and 6 Months Warranty for In the Box Accessories,4.5
154,"SAMSUNG Galaxy F14 5G (B.A.E. Purple, 128 GB)","₹11,490","4 GB RAM | 128 GB ROM | Expandable Upto 1 TB16.76 cm (6.6 inch) Full HD+ Display50MP + 2MP | 13MP Front Camera6000 mAh BatteryExynos 1330, Octa Core Processor1 Year Manufacturer Warranty for Device and 6 Months Manufacturer Warranty for In-Box Accessories",4.2
155,"SAMSUNG Galaxy F14 5G (B.A.E. Purple, 128 GB)","₹12,490","6 GB RAM | 128 GB ROM | Expandable Upto 1 TB16.76 cm (6.6 inch) Full HD+ Display50MP + 2MP | 13MP Front Camera6000 mAh BatteryExynos 1330, Octa Core Processor1 Year Manufacturer Warranty for Device and 6 Months Manufacturer Warranty for In-Box Accessories",4.2
156,"vivo V29 Pro 5G (Black, 256 GB)","₹42,999",12 GB RAM | 256 GB ROM17.22 cm (6.78 inch) Full HD+ AMOLED Display50MP + 12MP + 8MP | 50MP Front Camera4600 mAh BatteryDimensity 8200 Processor1 Year Manufacturer Warranty for Phone and 6 Months Warranty for In the Box Accessories,4.5
157,"Nothing Phone (2) (Dark Grey, 512 GB)","₹49,999",12 GB RAM | 512 GB ROM17.02 cm (6.7 inch) Full HD+ Display50 MP(OIS) +50MP | 32MP Front Camera4700 mAh Lithium ion BatteryQualcomm Snapdragon 8+ Gen 1 ProcessorLTPO AMOLED (1 Hz - 120 Hz)1 Year Manufacturing Warranty,4.4
158,"APPLE iPhone 12 (Red, 128 GB)","₹45,999","128 GB ROM15.49 cm (6.1 inch) Super Retina XDR Display12MP + 12MP | 12MP Front CameraA14 Bionic Chip with Next Generation Neural Engine ProcessorCeramic ShieldIndustry-leading IP68 Water ResistanceAll Screen OLED Display12MP TrueDepth Front Camera with Night Mode, 4K Dolby Vision HDR RecordingBrand Warranty for 1 Year",4.6
159,"SAMSUNG Galaxy Z Flip3 5G (Cream, 128 GB)","₹49,999",8 GB RAM | 128 GB ROM17.02 cm (6.7 inch) Full HD+ Display12MP + 12MP | 10MP Front Camera3300 mAh Lithium-ion BatteryQualcomm Snapdragon 888 Octa-Core Processor1 Year Manufacturer Warranty for Device and 6 months Manufacturer Warranty for In-Box Accessories,4.3
160,"SAMSUNG Galaxy F14 5G (OMG Black, 128 GB)","₹11,490","4 GB RAM | 128 GB ROM | Expandable Upto 1 TB16.76 cm (6.6 inch) Full HD+ Display50MP + 2MP | 13MP Front Camera6000 mAh BatteryExynos 1330, Octa Core Processor1 Year Manufacturer Warranty for Device and 6 Months Manufacturer Warranty for In-Box Accessories",4.2
161,"Nothing Phone (2) (White, 512 GB)","₹49,999",12 GB RAM | 512 GB ROM17.02 cm (6.7 inch) Full HD+ Display50 MP(OIS) +50MP | 32MP Front Camera4700 mAh Lithium ion BatteryQualcomm Snapdragon 8+ Gen 1 ProcessorLTPO AMOLED (1 Hz - 120 Hz)1 Year Manufacturing Warranty,4.4
162,"SAMSUNG Galaxy A54 5G (Awesome Lime, 256 GB)","₹40,999","8 GB RAM | 256 GB ROM | Expandable Upto 1 TB16.26 cm (6.4 inch) Full HD+ Display50MP + 12MP + 5MP | 32MP Front Camera5000 mAh BatteryExynos 1380, Octa Core Processor1 Year Manufacturer Warranty for Device and 6 Months Manufacturer Warranty for In-Box Accessories",4.2
163,"vivo V27 Pro 5G (Magic Blue, 256 GB)","₹42,999",12 GB RAM | 256 GB ROM17.22 cm (6.78 inch) Full HD+ Display50MP (OIS) + 8MP + 2MP | 50MP Front Camera4600 mAh BatteryMediatek Dimensity 8200 Processor1 Year Manufacturer Warranty for Phone and 6 Months Warranty for In the Box Accessories,4.4
164,"SAMSUNG Galaxy S20 FE 5G (Cloud Navy, 128 GB)","₹28,039",8 GB RAM | 128 GB ROM16.51 cm (6.5 inch) Display12MP Rear Camera | 32MP Front Camera4500 mAh Battery1 Year Warranty,4.2
165,"vivo X80 (Cosmic Black, 256 GB)","₹46,990",12 GB RAM | 256 GB ROM17.22 cm (6.78 inch) Full HD+ Display50MP + 12MP + 12MP | 32MP Front Camera4500 mAh Lithium BatteryMediatek Dimensity 9000 Processor1 Year on Handset and 6 Months on Accessories,4.5
166,"Xiaomi 12 Pro 5G (Opera Mauve, 256 GB)","₹49,999",12 GB RAM | 256 GB ROM17.09 cm (6.73 inch) Full HD+ Display50MP + 50MP + 50MP | 32MP Front Camera4600 mAh Lithium Polymer BatterySnapdragon 8 Gen 1 Processor1 Year Manufacturer Warranty for Phone and 6 Months Warranty for In the Box Accessories,4.2
167,"Xiaomi 12 Pro 5G (Noir Black, 256 GB)","₹49,999",12 GB RAM | 256 GB ROM17.09 cm (6.73 inch) Full HD+ Display50MP + 50MP + 50MP | 32MP Front Camera4600 mAh Lithium Polymer BatterySnapdragon 8 Gen 1 Processor1 Year Manufacturer Warranty for Phone and 6 Months Warranty for In the Box Accessories,4.2
168,"SAMSUNG Galaxy F14 5G (OMG Black, 128 GB)","₹12,490","6 GB RAM | 128 GB ROM | Expandable Upto 1 TB16.76 cm (6.6 inch) Full HD+ Display50MP + 2MP | 13MP Front Camera6000 mAh BatteryExynos 1330, Octa Core Processor1 Year Manufacturer Warranty for Device and 6 Months Manufacturer Warranty for In-Box Accessories",4.2
169,"SAMSUNG Galaxy F14 5G (GOAT Green, 128 GB)","₹11,490","4 GB RAM | 128 GB ROM | Expandable Upto 1 TB16.76 cm (6.6 inch) Full HD+ Display50MP + 2MP | 13MP Front Camera6000 mAh BatteryExynos 1330, Octa Core Processor1 Year Manufacturer Warranty for Device and 6 Months Manufacturer Warranty for In-Box Accessories",4.2
170,"APPLE iPhone 12 (Blue, 128 GB)","₹45,999","128 GB ROM15.49 cm (6.1 inch) Super Retina XDR Display12MP + 12MP | 12MP Front CameraA14 Bionic Chip with Next Generation Neural Engine ProcessorCeramic ShieldIndustry-leading IP68 Water ResistanceAll Screen OLED Display12MP TrueDepth Front Camera with Night Mode, 4K Dolby Vision HDR RecordingBrand Warranty for 1 Year",4.6
171,"vivo V29 Pro 5G (Black, 256 GB)","₹42,999",12 GB RAM | 256 GB ROM17.22 cm (6.78 inch) Full HD+ AMOLED Display50MP + 12MP + 8MP | 50MP Front Camera4600 mAh BatteryDimensity 8200 Processor1 Year Manufacturer Warranty for Phone and 6 Months Warranty for In the Box Accessories,4.5
172,"APPLE iPhone 12 (White, 128 GB)","₹45,999","128 GB ROM15.49 cm (6.1 inch) Super Retina XDR Display12MP + 12MP | 12MP Front CameraA14 Bionic Chip with Next Generation Neural Engine ProcessorCeramic ShieldIndustry-leading IP68 Water ResistanceAll Screen OLED Display12MP TrueDepth Front Camera with Night Mode, 4K Dolby Vision HDR RecordingBrand Warranty for 1 Year",4.6
173,"APPLE iPhone 12 (Green, 128 GB)","₹45,999","128 GB ROM15.49 cm (6.1 inch) Super Retina XDR Display12MP + 12MP | 12MP Front CameraA14 Bionic Chip with Next Generation Neural Engine ProcessorCeramic ShieldIndustry-leading IP68 Water ResistanceAll Screen OLED Display12MP TrueDepth Front Camera with Night Mode, 4K Dolby Vision HDR RecordingBrand Warranty for 1 Year",4.6
174,"APPLE iPhone 12 (Black, 128 GB)","₹45,999","128 GB ROM15.49 cm (6.1 inch) Super Retina XDR Display12MP + 12MP | 12MP Front CameraA14 Bionic Chip with Next Generation Neural Engine ProcessorCeramic ShieldIndustry-leading IP68 Water ResistanceAll Screen OLED Display12MP TrueDepth Front Camera with Night Mode, 4K Dolby Vision HDR RecordingBrand Warranty for 1 Year",4.6
175,"SAMSUNG Galaxy F14 5G (GOAT Green, 128 GB)","₹12,490","6 GB RAM | 128 GB ROM | Expandable Upto 1 TB16.76 cm (6.6 inch) Full HD+ Display50MP + 2MP | 13MP Front Camera6000 mAh BatteryExynos 1330, Octa Core Processor1 Year Manufacturer Warranty for Device and 6 Months Manufacturer Warranty for In-Box Accessories",4.2
176,"OnePlus 11R 5G (Galactic Silver, 256 GB)","₹44,989",16 GB RAM | 256 GB ROM17.02 cm (6.7 inch) Display50MP Rear Camera | 16MP Front Camera5000 mAh BatteryDomestic warranty of 12 months on phone & 6 months on accessories,4.5
177,"OnePlus 11R 5G (Sonic Black, 256 GB)","₹44,344",16 GB RAM | 256 GB ROM17.02 cm (6.7 inch) Display50MP Rear Camera5000 mAh BatteryDomestic warranty of 12 months on phone & 6 months on accessries,4.5
178,"SAMSUNG Galaxy F14 5G (B.A.E. Purple, 128 GB)","₹11,490","4 GB RAM | 128 GB ROM | Expandable Upto 1 TB16.76 cm (6.6 inch) Full HD+ Display50MP + 2MP | 13MP Front Camera6000 mAh BatteryExynos 1330, Octa Core Processor1 Year Manufacturer Warranty for Device and 6 Months Manufacturer Warranty for In-Box Accessories",4.2
179,"SAMSUNG Galaxy F14 5G (B.A.E. Purple, 128 GB)","₹12,490","6 GB RAM | 128 GB ROM | Expandable Upto 1 TB16.76 cm (6.6 inch) Full HD+ Display50MP + 2MP | 13MP Front Camera6000 mAh BatteryExynos 1330, Octa Core Processor1 Year Manufacturer Warranty for Device and 6 Months Manufacturer Warranty for In-Box Accessories",4.2
180,"Nothing Phone (2) (White, 512 GB)","₹49,999",12 GB RAM | 512 GB ROM17.02 cm (6.7 inch) Full HD+ Display50 MP(OIS) +50MP | 32MP Front Camera4700 mAh Lithium ion BatteryQualcomm Snapdragon 8+ Gen 1 ProcessorLTPO AMOLED (1 Hz - 120 Hz)1 Year Manufacturing Warranty,4.4
181,"Nothing Phone (2) (Dark Grey, 512 GB)","₹49,999",12 GB RAM | 512 GB ROM17.02 cm (6.7 inch) Full HD+ Display50 MP(OIS) +50MP | 32MP Front Camera4700 mAh Lithium ion BatteryQualcomm Snapdragon 8+ Gen 1 ProcessorLTPO AMOLED (1 Hz - 120 Hz)1 Year Manufacturing Warranty,4.4
182,"APPLE iPhone 12 (Red, 128 GB)","₹45,999","128 GB ROM15.49 cm (6.1 inch) Super Retina XDR Display12MP + 12MP | 12MP Front CameraA14 Bionic Chip with Next Generation Neural Engine ProcessorCeramic ShieldIndustry-leading IP68 Water ResistanceAll Screen OLED Display12MP TrueDepth Front Camera with Night Mode, 4K Dolby Vision HDR RecordingBrand Warranty for 1 Year",4.6
183,"SAMSUNG Galaxy Z Flip3 5G (Cream, 128 GB)","₹49,999",8 GB RAM | 128 GB ROM17.02 cm (6.7 inch) Full HD+ Display12MP + 12MP | 10MP Front Camera3300 mAh Lithium-ion BatteryQualcomm Snapdragon 888 Octa-Core Processor1 Year Manufacturer Warranty for Device and 6 months Manufacturer Warranty for In-Box Accessories,4.3
184,"SAMSUNG Galaxy F14 5G (OMG Black, 128 GB)","₹11,490","4 GB RAM | 128 GB ROM | Expandable Upto 1 TB16.76 cm (6.6 inch) Full HD+ Display50MP + 2MP | 13MP Front Camera6000 mAh BatteryExynos 1330, Octa Core Processor1 Year Manufacturer Warranty for Device and 6 Months Manufacturer Warranty for In-Box Accessories",4.2
185,"vivo V29 Pro 5G (Blue, 256 GB)","₹42,956",12 GB RAM | 256 GB ROM17.22 cm (6.78 inch) Full HD+ AMOLED Display50MP + 12MP + 8MP | 50MP Front Camera4600 mAh BatteryDimensity 8200 Processor1 Year Manufacturer Warranty for Phone and 6 Months Warranty for In the Box Accessories,4.5
186,"vivo V27 Pro 5G (Magic Blue, 256 GB)","₹42,999",12 GB RAM | 256 GB ROM17.22 cm (6.78 inch) Full HD+ Display50MP (OIS) + 8MP + 2MP | 50MP Front Camera4600 mAh BatteryMediatek Dimensity 8200 Processor1 Year Manufacturer Warranty for Phone and 6 Months Warranty for In the Box Accessories,4.4
187,"vivo X80 (Cosmic Black, 256 GB)","₹46,990",12 GB RAM | 256 GB ROM17.22 cm (6.78 inch) Full HD+ Display50MP + 12MP + 12MP | 32MP Front Camera4500 mAh Lithium BatteryMediatek Dimensity 9000 Processor1 Year on Handset and 6 Months on Accessories,4.5
188,"Xiaomi 12 Pro 5G (Opera Mauve, 256 GB)","₹49,999",12 GB RAM | 256 GB ROM17.09 cm (6.73 inch) Full HD+ Display50MP + 50MP + 50MP | 32MP Front Camera4600 mAh Lithium Polymer BatterySnapdragon 8 Gen 1 Processor1 Year Manufacturer Warranty for Phone and 6 Months Warranty for In the Box Accessories,4.2
189,"Xiaomi 12 Pro 5G (Noir Black, 256 GB)","₹49,999",12 GB RAM | 256 GB ROM17.09 cm (6.73 inch) Full HD+ Display50MP + 50MP + 50MP | 32MP Front Camera4600 mAh Lithium Polymer BatterySnapdragon 8 Gen 1 Processor1 Year Manufacturer Warranty for Phone and 6 Months Warranty for In the Box Accessories,4.2
190,"SAMSUNG Galaxy Z Flip3 5G (Phantom Black, 128 GB)","₹49,999",8 GB RAM | 128 GB ROM17.02 cm (6.7 inch) Full HD+ Display12MP + 12MP | 10MP Front Camera3300 mAh Lithium-ion BatteryQualcomm Snapdragon 888 Octa-Core Processor1 Year Manufacturer Warranty for Device and 6 months Manufacturer Warranty for In-Box Accessories,4.3
191,"OnePlus 10 Pro 5G (Emerald Forest, 128 GB)","₹51,998",8 GB RAM | 128 GB ROM17.02 cm (6.7 inch) Display48MP Rear Camera5000 mAh Battery1 year manufacturer warranty for device and 6 months manufacturer warranty for in-box accessories including batteries from the date of purchase,4.2
